metro_slug,href,name,years
new-york,/teams/nfl/tigers,Brooklyn Dodgers / Brooklyn Tigers,1930–1944
washington-baltimore,/teams/nhl/blades,Baltimore Blades,
winnipeg,/teams/nhl/coyotes,Winnipeg Jets,
philadelphia,/teams/nhl/cowboys-cal,Philadelphia Blazers,
vancouver,/teams/nhl/cowboys-cal,Vancouver Blazers,
los-angeles,/teams/nba/stars,Los Angeles Stars,
pittsburgh,/teams/nba/condors,Pittsburgh Pipers / Condors,
minneapolis,/teams/nba/condors,Minnesota Pipers,
ottawa,/teams/nhl/senators-org,Ottawa Senators,
