GERS ID,Country (ISO),Region (ISO 3166-2),Subtype,Admin Level,Class,Primary Name,Common Names (JSON),Is Land,Is Territorial,BBox xmin,BBox ymin,BBox xmax,BBox ymax,Division ID
e6221fc8-d60f-4f3e-bf4f-5eb7ca1d506a,WS,WS-SA,locality,,land,Fogasavai'i,,True,True,-172.6336212158203,-13.687212944030762,-172.5613250732422,-13.618027687072754,0bfe9f26-36a6-45d5-861d-29326fb0ca78
7986bf6a-b4fa-46fb-88b7-7b2accd21166,WS,WS-TU,locality,,land,Togafu'afu'a,,True,True,-171.7686004638672,-13.838884353637695,-171.76528930664062,-13.834312438964844,f1c9e1c8-ff55-4ce0-9636-9603a16b42d6
ead7ede7-0954-4228-87e5-078276e20713,WS,WS-AT,locality,,land,Luatuanu'u,,True,True,-171.68943786621094,-13.886979103088379,-171.65863037109375,-13.860798835754395,11959ae9-f6fe-4003-a70c-06c0c7d5b2b4
861a49d7-8717-4718-be38-a900e8b43fbf,WS,WS-SA,locality,,land,Fogatuli,,True,True,-172.65391540527344,-13.663570404052734,-172.5915069580078,-13.599813461303711,cfbff678-d922-48c1-a509-cfabfc17edc2
1de7b84a-386b-44b5-89fb-a6c6a3c5978d,WS,WS-TU,locality,,land,Vaimoso,,True,True,-171.78482055664062,-13.849148750305176,-171.77529907226562,-13.8317289352417,f6f53d4d-2077-4fdb-b555-77fd728d00d7
90a7158b-7260-4168-b5ab-5d873fd8716a,WS,WS-TU,locality,,land,Maluafou,,True,True,-171.76255798339844,-13.839557647705078,-171.7587890625,-13.83678150177002,25e29bc1-ca91-42d1-a0f3-6e3e9fab01a2
3bfc62c2-732d-43fc-819b-aaf6df350577,WS,WS-TU,locality,,land,Aleisa Sasae,"[[""en"", ""Aleisa West""]]",True,True,-171.881591796875,-13.93469524383545,-171.83056640625,-13.846268653869629,ca1d813b-abe4-4aff-bbe3-a226647e19a9
668d7f22-5621-4209-b181-6ab7adcb76dd,WS,WS-TU,locality,,land,Leauvaa Church of Jesus Christ of the Latter-Day Saints,,True,True,-171.87847900390625,-13.86011791229248,-171.86158752441406,-13.794721603393555,71eac30b-b4cd-47cf-a3bb-f0984aeb8bb6
94fa584f-ef6d-48ab-b597-41fc74b41977,WS,WS-TU,locality,,land,Lalovaea Sasa'e,,True,True,-171.7681427001953,-13.848562240600586,-171.7641143798828,-13.836966514587402,a10c4958-66bb-4cdc-af3c-862281f929f2
ee54a40e-51d7-489d-ae14-9e9415cdc2d1,WS,WS-PA,locality,,land,Siutu,,True,True,-172.59713745117188,-13.76822566986084,-172.52676391601562,-13.629161834716797,fffd3d48-0c46-41fc-b036-daf95cfb7974
155f598d-26b9-4c76-a8c0-e56f40f6f19a,WS,WS-GE,locality,,land,Sato'alepai,,True,True,-172.39321899414062,-13.560110092163086,-172.34471130371094,-13.441397666931152,1d6ddb91-8e8e-4905-bbb4-79b083b50ed4
da53726f-d043-41a9-b7d5-b54885d9753e,WS,WS-TU,locality,,land,Se'ese'e,,True,True,-171.81019592285156,-13.905786514282227,-171.79112243652344,-13.853327751159668,af54ea6c-62a4-4f3c-8488-4f7677cfa837
403472b5-666f-4edf-84fe-e46e70d8c8b6,WS,WS-TU,locality,,land,Avele,,True,True,-171.7694854736328,-13.875871658325195,-171.7544403076172,-13.867900848388672,249239f0-d06e-4947-a703-b8fba38b657a
7e2d7f9b-308e-45f2-8267-095a6be3763b,WS,WS-TU,locality,,land,Vailima,,True,True,-171.775146484375,-13.870878219604492,-171.75363159179688,-13.858283042907715,578c0a63-a9e7-4bb0-a2f2-d09716b7f300
d5cc7c0b-3ed2-495d-a2b6-4fd59133c1c3,WS,WS-FA,locality,,land,Salelavalu-Uta Methodist Church,,True,True,-172.22634887695312,-13.725847244262695,-172.19969177246094,-13.71388053894043,6f59d02f-b08f-4136-88c6-6dc5f48048b2
ecd8c130-dbe8-4ab6-a9d1-f2f55fefbb0c,WS,WS-PA,locality,,land,Foailalo,,True,True,-172.62039184570312,-13.702298164367676,-172.5361785888672,-13.62688159942627,6d8457f7-c654-4354-951f-381b31103b22
81c1a50f-d831-4690-a03e-bcec8c34f752,WS,WS-AA,region,1,land,Aʻana,,True,True,-172.066650390625,-13.97662353515625,-171.88182067871094,-13.803997039794922,f5823ce7-bf37-422b-8a9d-2a61509e81e9
c0d23409-9659-4830-9101-d2e48e047a89,WS,WS-SA,locality,,land,Pitonu'u,,True,True,-172.3310089111328,-13.766166687011719,-172.32093811035156,-13.758182525634766,64503b6f-a1f5-44d8-8ebe-88823605e5c7
dc184648-5ecf-4cd5-820c-713107350232,WS,WS-PA,locality,,land,Taga,,True,True,-172.57125854492188,-13.803030014038086,-172.495361328125,-13.629170417785645,cc38b381-7b2e-4410-862d-4dd2d1d511ef
79ce6c98-1df7-4161-be78-25f5dbe862c8,WS,WS-GI,locality,,land,Lefagaoali'i,,True,True,-172.42503356933594,-13.612407684326172,-172.41148376464844,-13.459142684936523,780464db-5dc0-4737-8e5c-7827964f0457
745b638e-6b28-489e-b223-290fecd53a24,WS,WS-TU,locality,,land,Nafanua,,True,True,-171.76495361328125,-13.859657287597656,-171.7551727294922,-13.85513973236084,287c294e-f855-4c18-bc7d-f52616c452fe
aafcbb86-3f3d-48ea-83ad-1eb870b019e1,WS,WS-VS,locality,,land,Matavai,,True,True,-172.66917419433594,-13.629136085510254,-172.54403686523438,-13.491530418395996,62b2b3e3-fcc9-4047-a6cf-de5b07247d37
b9c30293-c136-41a9-b89b-ffd45f24c808,WS,WS-TU,locality,,land,Vaiala Uta,,True,True,-171.75294494628906,-13.843526840209961,-171.74867248535156,-13.840198516845703,9c986d85-0f12-4513-9e24-eba98f6c6af5
42db3e97-b3d7-4893-bc23-9fc3793e3536,WS,WS-TU,locality,,land,Lotosoa,,True,True,-171.89407348632812,-13.85086727142334,-171.8736572265625,-13.79937744140625,77bb8e3e-0c89-4abb-9e4e-29a7586bf468
9c8aa13e-8436-4d66-8f7c-d8497fe9b34f,WS,WS-FA,locality,,land,Sapini,,True,True,-172.22633361816406,-13.659204483032227,-172.1837921142578,-13.653646469116211,82baa682-26e3-40a7-9fad-5bbe216f1a40
6a395c4e-3e47-4b4f-bfb6-72e34ccea521,WS,WS-FA,locality,,land,Saletagaloa,,True,True,-172.2104949951172,-13.729875564575195,-172.20335388183594,-13.724095344543457,f97fbeb3-02e1-42e0-b88e-26a311ebfccc
0c66c301-29dd-4fe2-b94f-9722d284944f,WS,WS-GI,locality,,land,Sāsina,,True,True,-172.47470092773438,-13.621847152709961,-172.44578552246094,-13.466171264648438,022ee102-15cd-48af-aff0-d3af8bde5c7a
d89e41ac-f0be-470f-993a-f24156728601,WS,WS-AL,region,1,land,Aiga-i-le-Tai,,True,True,-172.15646362304688,-13.894757270812988,-172.01121520996094,-13.814165115356445,1df8c0b0-64b2-4aee-9f9b-e70e73a8d557
1eb3b8cd-9400-4727-9bc5-7cd20e7a71be,WS,WS-AT,region,1,land,Ātua,,True,True,-171.7481231689453,-14.076445579528809,-171.39837646484375,-13.860798835754395,0c0de268-93b5-45e2-a013-70ea0db6b2b3
817e69e6-6bdf-4c2a-9b19-923fe2abba51,WS,WS-TU,locality,,land,Lauli'i,,True,True,-171.72523498535156,-13.947957992553711,-171.69447326660156,-13.852084159851074,553afa76-23c1-453c-9cd7-94a5a1e26126
aec31c51-6eb8-4c0c-ab51-fcafd600b4c1,WS,WS-PA,locality,,land,Gataivai,,True,True,-172.4965362548828,-13.798182487487793,-172.38417053222656,-13.61001205444336,e81fb8b1-445e-4efb-869c-8fa08c952a94
160dde63-fcd9-4cc6-834f-ef4cfa480fa3,WS,WS-TU,locality,,land,Maninoa,,True,True,-171.79473876953125,-14.009881973266602,-171.77943420410156,-13.949057579040527,723dbe21-ee3e-4594-b74e-9eb7b1f429cc
0d4e11f8-381d-4b94-9bb6-e1866505bf3e,WS,WS-FA,locality,,land,Lalomalava,,True,True,-172.35098266601562,-13.704273223876953,-172.19781494140625,-13.621661186218262,78f83bcf-2154-493c-9bbe-47625025b9f7
f4894d13-cbe8-476a-ac66-34d821532b52,WS,WS-GE,region,1,land,Gagaʻemauga,,True,True,-172.39483642578125,-14.004919052124023,-171.90797424316406,-13.43880558013916,5c8591dc-9253-4497-b174-4fdedc1965f7
d3175aab-f810-48d7-a270-a2665bd4a850,WS,WS-SA,locality,,land,Samata-i-Tai,,True,True,-172.66929626464844,-13.648616790771484,-172.64434814453125,-13.619816780090332,46c71bd8-04c5-4302-ac55-d5b605d92670
4ae28770-6d31-4bad-8587-093f05a7b89c,WS,WS-FA,locality,,land,Si'ufaga,,True,True,-172.2281951904297,-13.667292594909668,-172.1775360107422,-13.655447006225586,36a4b616-eb92-47c9-ab8c-0a4ca650d1a9
1ac6156f-fa51-4482-b0b0-98d910c4db66,WS,WS-TU,locality,,land,Malie,,True,True,-171.85382080078125,-13.849013328552246,-171.8365478515625,-13.796516418457031,37bce1c8-7c76-4fb4-a15a-2fdf9df4fcfe
6255be58-d350-48ae-b166-d85e898b8f9e,WS,WS-TU,locality,,land,Tiavi,,True,True,-171.80853271484375,-13.949560165405273,-171.78257751464844,-13.931278228759766,d4c00311-8768-4c68-a0fb-05b21265a9a7
3f03db6d-72cb-4bf7-9afc-f107a36cef61,WS,WS-GE,locality,,land,Lelepa,,True,True,-172.36170959472656,-13.463197708129883,-172.352783203125,-13.441594123840332,e93d358e-9108-46d9-b81d-328e250e67ae
38247a94-bc38-44fa-ab38-960ae354b90b,WS,WS-TU,locality,,land,Leone,,True,True,-171.7599334716797,-13.837306022644043,-171.75473022460938,-13.83299446105957,4a7748cf-f51f-47af-86af-10f66cefc0eb
a41acdb8-fd49-4639-b502-51b0e63ad31e,WS,WS-TU,locality,,land,Moamoa Fou,,True,True,-171.799072265625,-13.876891136169434,-171.77999877929688,-13.859033584594727,cd5cd926-7747-4bdc-8bc0-44bb6e8e6472
665c90ce-5577-4d1e-8f76-9a3b869d34f0,WS,WS-VF,locality,,land,Samamea,,True,True,-171.53598022460938,-13.946004867553711,-171.51971435546875,-13.928223609924316,55ce07ec-56fc-4e07-92b9-699ee40c5c47
0483a7d8-e592-4a25-83df-7f86d68ff802,WS,WS-FA,locality,,land,Sa'asa'ai,,True,True,-172.2274932861328,-13.650019645690918,-172.1909942626953,-13.634989738464355,1769c952-691d-4542-aa8b-40e0fc21157c
ff4b0dd8-1463-4430-b285-c4eadbf0adb8,WS,WS-FA,locality,,land,Vaiafai,,True,True,-172.3596954345703,-13.70736026763916,-172.2029266357422,-13.628935813903809,ef78e4fa-7263-402b-b384-844fd99da62f
cee7471d-6564-45c4-ae2f-dc151fd5dc12,WS,WS-TU,locality,,land,Leifiifi,,True,True,-171.76573181152344,-13.841816902160645,-171.763427734375,-13.838339805603027,cc224512-09ae-4bdd-9082-5b7c4df25fc7
a8c72ad3-75bb-49ec-9600-77212ca26a9f,WS,WS-TU,locality,,land,Fagali'i,,True,True,-171.74603271484375,-13.910725593566895,-171.72853088378906,-13.841310501098633,7f82b1f4-5aa7-4080-87c1-9b3b47a6feda
a15deeee-44ba-4e6c-b106-67dc49017606,WS,WS-TU,locality,,land,Papaloloa,,True,True,-171.7621307373047,-13.861701965332031,-171.7540283203125,-13.85849380493164,902da806-485c-4a8e-af9d-2ae43766e943
2d24d1c4-d7f8-4c2f-88c9-f72e0302738f,WS,WS-TU,locality,,land,Savalolo,,True,True,-171.77456665039062,-13.835275650024414,-171.7696990966797,-13.82781982421875,a79bdcf7-7706-47e0-a367-5aa35e1831ed
2b3220ce-8d15-4ef5-b1f9-4736aa0b06d3,WS,WS-TU,locality,,land,Salepoua'e Village,,True,True,-171.8965301513672,-13.835922241210938,-171.88844299316406,-13.801918029785156,c26ff10d-d519-4dd0-9d29-a12dec9b51ea
db99605e-e28f-4d63-93ea-ecaf601256bb,WS,WS-TU,locality,,land,Saleufi,,True,True,-171.77322387695312,-13.836308479309082,-171.76788330078125,-13.831197738647461,c5f98514-97b4-41f5-8204-b0e736692759
385612f9-8629-45d3-9e88-0d2897a6f955,WS,WS-PA,locality,,land,Sala'ilua,,True,True,-172.5992889404297,-13.720046043395996,-172.54273986816406,-13.65906810760498,4e49a124-97e9-4eb3-97dc-6616bb7633dc
68f2dd59-2220-4575-b4b8-eba17722c8b4,WS,WS-FA,locality,,land,Vaisaulu,,True,True,-172.3550567626953,-13.704349517822266,-172.20201110839844,-13.624444007873535,cd1200df-ea0b-43e3-b495-23565c07774c
413582b0-32b3-4a2b-87cc-ff0cd10d52ca,WS,WS-TU,region,1,land,Tuamasaga,,True,True,-171.9189453125,-14.044727325439453,-171.6943359375,-13.792950630187988,669a0d67-9009-422b-8e29-1e18212cb561
3ea7a7a9-8a8f-4584-8036-80356eaf83fc,WS,WS-TU,locality,,land,Moamoa,,True,True,-171.79107666015625,-13.868720054626465,-171.78114318847656,-13.85417652130127,230b9f4b-d67e-4db7-b57e-541216445ba4
7eba36d3-a2e7-4d6e-80d2-ed9c077a9b1d,WS,WS-TU,locality,,land,Vaoala,,True,True,-171.79354858398438,-13.887748718261719,-171.76345825195312,-13.868409156799316,15150d22-dc9f-4bd7-986b-2a9ad42a6063
1a9dbd35-d898-492f-afe6-e5f2f949aa15,WS,WS-TU,locality,,land,Vaisigano,,True,True,-171.7622833251953,-13.837065696716309,-171.75921630859375,-13.831633567810059,210ec243-cb7a-453f-bbd5-ceed3cccb30d
bec76e34-00c0-4fe8-a4f8-b20aae774d52,WS,WS-TU,locality,,land,Aele Fou,,True,True,-171.83203125,-13.824884414672852,-171.82208251953125,-13.815093994140625,a48050e9-7ea1-4ff7-b17a-563f8d56bf9f
4e1366e2-f170-40bd-ad23-02b91bd11c6f,WS,WS-VS,locality,,land,Fagasā,,True,True,-172.6997528076172,-13.561470985412598,-172.68040466308594,-13.509279251098633,4ee3b2e3-c29f-4129-bc95-fe041dd09d69
bd83b13e-46ff-408a-bf72-ea32fdd2198d,WS,WS-FA,locality,,land,Lano,,True,True,-172.2616424560547,-13.628888130187988,-172.19371032714844,-13.60750675201416,cbea6e63-f329-4713-9c7e-b034c6660d95
8f47ef27-3515-4e32-b3a1-9fac2f2ab1ce,WS,WS-TU,locality,,land,Lotopa,,True,True,-171.79647827148438,-13.848603248596191,-171.78036499023438,-13.839945793151855,48ce5988-ca2c-47ff-9364-70573ff9d898
b5febcca-bac6-4fec-add9-523accab6aa9,WS,WS-TU,locality,,land,Papauta,,True,True,-171.7718963623047,-13.860906600952148,-171.75506591796875,-13.8516845703125,15397a74-68fd-4f37-9c1a-41bf3673cd03
07f7bf4c-888b-4199-9695-1ccc5d86a9d6,WS,WS-TU,locality,,land,Vaivase-Uta,,True,True,-171.74798583984375,-13.856566429138184,-171.73974609375,-13.848640441894531,e20d256a-0820-4d1a-96fb-ec63662dbd42
5bdf66f4-ef80-4e85-98c0-0f9c57ccb62a,WS,WS-TU,locality,,land,Faleula,,True,True,-171.83877563476562,-13.823700904846191,-171.81964111328125,-13.792893409729004,1d3c4dbd-0148-40b5-90c2-d3e93382fd42
3401c2de-5c54-45ec-b417-eb84d8af6a93,WS,WS-AA,locality,,land,Faleasiu,,True,True,-171.9341278076172,-13.887048721313477,-171.9008026123047,-13.803842544555664,7cefef33-ce38-46cf-aa2d-052758c3d5a6
e1988e6d-e8f6-4e91-9634-46d60f86c018,WS,WS-SA,locality,,land,Sagone,,True,True,-172.62857055664062,-13.6959228515625,-172.54879760742188,-13.621370315551758,8e987910-ef28-4b41-808a-759411b9ae47
95933d19-f10b-4b64-ad52-a5b57dfc66c3,WS,WS-GE,locality,,land,Mauga,,True,True,-172.33233642578125,-13.485462188720703,-172.2876739501953,-13.447510719299316,2e113df9-e8a6-424c-be32-d9f1b2032379
ed8404db-c0ef-4b31-b1fb-e943c0f2e168,WS,WS-TU,locality,,land,Leufisa,,True,True,-171.76596069335938,-13.851724624633789,-171.76112365722656,-13.848498344421387,8a2f1aad-406c-4c0d-825e-10e825533246
211367e3-6836-49a2-9032-e83524123855,WS,WS-TU,locality,,land,Tuana'imato Sisifo,,True,True,-171.81260681152344,-13.85322380065918,-171.79644775390625,-13.838348388671875,db557d41-d5e7-4f06-8624-89614f9672b9
f7bb968d-fac3-49e3-8311-8af6e60c093e,WS,WS-GE,locality,,land,Salei'a,,True,True,-172.3798370361328,-13.466102600097656,-172.36192321777344,-13.44820499420166,36bdaf3f-c526-49ed-b463-361430c9667f
5ee2c0f1-0937-41ae-9b00-120610ba1d08,WS,WS-AL,locality,,land,Lepuia'i,,True,True,-172.11386108398438,-13.858884811401367,-172.10812377929688,-13.855450630187988,7881ebf3-659c-41f5-836f-6dbb14943a0d
46c07d77-aa93-4dbe-a278-dd97d98b6199,WS,WS-FA,locality,,land,Tuasivi,,True,True,-172.2149200439453,-13.672540664672852,-172.17367553710938,-13.659440040588379,5d8278f4-d388-42a2-9095-7dc4e2ee375f
24b085aa-a184-411c-b99d-8e8c41ee5bac,WS,WS-TU,locality,,land,Vaiala Tai,,True,True,-171.75694274902344,-13.838903427124023,-171.7485809326172,-13.82741641998291,fa50c413-db25-4c10-818a-d522cf0fc03d
60b9252b-f804-416f-8964-46fbed1dbd61,WS,WS-TU,locality,,land,Vaitoloa,,True,True,-171.79173278808594,-13.835569381713867,-171.78041076660156,-13.826380729675293,a8ca19d1-0eac-44a0-ad1f-17430326ea34
f37c536f-3268-4f3d-8c06-eb15b29ae587,WS,WS-VS,locality,,land,Auala,,True,True,-172.679443359375,-13.573755264282227,-172.64675903320312,-13.50705623626709,569c3996-cb29-4cac-a396-4b4243b5a8b7
1168b2bf-f6d8-4863-84db-ab7a7fdc1239,WS,WS-TU,locality,,land,Moata'a,,True,True,-171.7509765625,-13.844841957092285,-171.74093627929688,-13.829626083374023,e5167c0e-7099-4ead-9ee2-97bf2f2a70ef
ddb37129-5c35-4ffd-8730-34eb200449c6,WS,WS-TU,locality,,land,To'omatagi,,True,True,-171.75128173828125,-13.857972145080566,-171.74851989746094,-13.854047775268555,8543d7b3-6dd6-4ee4-b17a-2e5c1a227ecb
aa3c3e65-5ee8-480f-84d7-9b54879dd08b,WS,WS-TU,locality,,land,Apia,"[[""bs"", ""Apia""], [""hr"", ""Apia""], [""ta"", ""ஆப்பியா""], [""ka"", ""აპია""], [""ar"", ""أبيا""], [""fr"", ""Apia""], [""is"", ""Apía""], [""lv"", ""Apija""], [""am"", ""አፒያ""], [""uk"", ""Апіа""], [""pt-PT"", ""Apia""], [""pt"", ""Apia""], [""cs"", ""Apia""], [""el"", ""Απία""], [""it"", ""Apia""], [""ca"", ""Apia""], [""pt-BR"", ""Apia""], [""os"", ""Апиæ""], [""vi"", ""Apia""], [""nl"", ""Apia""], [""zh-Hans"", ""阿皮亚""], [""bg"", ""Апия""], [""ckb"", ""ئەپیا""], [""ko"", ""아피아""], [""eo"", ""Apio""], [""mk"", ""Апија""], [""et"", ""Apia""], [""de"", ""Apia""], [""be-Latn-tarask"", ""Апія""], [""ur"", ""آپیا""], [""ru"", ""Апиа""], [""ht"", ""Apiya""], [""ml"", ""അപിയ""], [""th"", ""อาปีอา""], [""id"", ""Apia""], [""sr-Latn"", ""Apia""], [""sv"", ""Apia""], [""tr"", ""Apia""], [""da"", ""Apia""], [""sr-Cyrl"", ""Апија""], [""zh-Hant"", ""阿皮亞""], [""en"", ""Apia""], [""he"", ""אפיה""], [""sah"", ""Апиа""], [""sk"", ""Apia""], [""mrj"", ""Апиа""], [""az"", ""Apia""], [""es"", ""Apia""], [""mr"", ""आपिया""], [""be"", ""Апія""], [""ja"", ""アピア""], [""fi"", ""Apia""], [""bo"", ""ཨ་པི་ཡ།""], [""ro"", ""Apia""], [""lt"", ""Apija""], [""no"", ""Apia""], [""sl"", ""Apia""], [""fa"", ""آپیا""], [""zh"", ""阿皮亞""], [""hu"", ""Apia""], [""pl"", ""Apia""]]",True,True,-171.76409912109375,-13.835406303405762,-171.76187133789062,-13.832818984985352,aa2dc112-52e9-4b0e-a616-3996baab340b
7ddbb579-4dff-4ecb-809a-8e2b78a7f9c3,WS,WS-AT,locality,,land,Vailoa,,True,True,-171.4677276611328,-14.041742324829102,-171.43374633789062,-14.029236793518066,662fcc0c-dd9a-44a5-95ed-69fd843650f9
652d9070-3367-4aa4-8428-87db9f39a894,WS,WS-TU,locality,,land,Afiamalu Sisifo,,True,True,-171.8290252685547,-13.94479751586914,-171.79876708984375,-13.898354530334473,d0e8f22f-f58b-4681-941d-43fe57be6927
c0f14fe2-9bf3-48df-99d7-7a22773a0624,WS,WS-TU,locality,,land,Levili,,True,True,-171.75509643554688,-13.83623218536377,-171.75216674804688,-13.83370304107666,fef0d6d1-1b37-487e-925c-809b534d688d
b213fb8c-5f90-48fa-b082-4b0170ce4acd,WS,WS-FA,locality,,land,Falefia,,True,True,-172.22122192382812,-13.73271656036377,-172.21055603027344,-13.7193603515625,3993eabd-65a5-4745-ad91-365ff44d897c
1e49cc06-cb55-4832-84c5-e1747be830a9,WS,WS-GI,locality,,land,Leagiagi,,True,True,-172.41836547851562,-13.491414070129395,-172.41281127929688,-13.467377662658691,a0323967-7bf7-4c98-80dc-e7b629007321
21a4d1f7-e6f2-403b-b6ab-6581e430085a,WS,WS-TU,locality,,land,Lepea,,True,True,-171.7911834716797,-13.841035842895508,-171.78330993652344,-13.831734657287598,e786536f-5896-42ee-8574-0cbaeea60d50
aa762b06-9215-4676-b464-277292f29264,WS,WS-VS,locality,,land,Falealupo,,True,True,-172.7545623779297,-13.55166244506836,-172.71966552734375,-13.523935317993164,7a6cfe1b-485a-4d3b-a170-36f91968cda3
858c1fb4-d9a1-40b9-96ac-e272dd0d340f,WS,WS-PA,locality,,land,Vaito'omuli,,True,True,-172.30526733398438,-13.760257720947266,-172.28054809570312,-13.675891876220703,e75b5f7d-769d-4b3e-bc73-e79f07cab1fb
2ab104f4-ec83-4d52-8ba8-e1d71711b703,WS,WS-GE,locality,,land,Safa'i,,True,True,-172.39369201660156,-13.57321548461914,-172.33982849121094,-13.44296646118164,7b45259f-2942-4004-9414-6f6d16bd08b3
461ea036-b8b1-4bea-962d-7ec1ca78e856,WS,WS-AA,locality,,land,Satuimalufilufi,,True,True,-172.06394958496094,-13.883651733398438,-172.04595947265625,-13.853392601013184,d025ae4b-2ba4-4457-9329-20021c201b7d
8cc8f876-088f-47c8-85ea-4a948930d998,WS,WS-TU,locality,,land,Tufuiopa,,True,True,-171.76551818847656,-13.838443756103516,-171.76242065429688,-13.835314750671387,eddb225f-7de7-4464-8f0f-3def26601abe
8e8210a8-ae37-4add-91fd-01a2a955d28d,WS,WS-TU,locality,,land,Vaitele Tai,,True,True,-171.81703186035156,-13.832527160644531,-171.79714965820312,-13.815147399902344,e4c79593-6d31-4c8b-b68e-db36188fb0ff
b1af30fc-86a8-48d0-b7bd-4709708a5425,WS,WS-PA,locality,,land,Vaiala,,True,True,-172.3849639892578,-13.777922630310059,-172.37791442871094,-13.76667594909668,d1531896-d2a2-493f-826f-b503f66296e4
37ffa46c-5778-4e40-8569-9bd70dd11b89,WS,WS-FA,locality,,land,Saipipi,,True,True,-172.24365234375,-13.64825439453125,-172.19485473632812,-13.6244535446167,08cc0d68-9d2a-4ce5-a45b-61ae49e28c01
010a4fcf-52c4-4515-894a-74f9a65bb337,WS,WS-FA,locality,,land,Vaiola,,True,True,-172.24478149414062,-13.655845642089844,-172.22816467285156,-13.650516510009766,e73a74a6-9735-45e2-8fa7-093f71fee1f1
0dd942d6-c435-49be-9d10-7caade250dc1,WS,WS-TU,locality,,land,Vaivase Tai,,True,True,-171.75465393066406,-13.85861587524414,-171.74314880371094,-13.843276977539062,bd257768-8347-4641-9db1-e8d10a6e0a3e
07e2a7a8-9c7b-41c4-9f6a-0ef94a401f55,WS,WS-TU,neighborhood,,land,Apaula Heights,,True,True,-171.76809692382812,-13.847429275512695,-171.76593017578125,-13.841745376586914,cd41b2ac-2d80-4b9e-82a9-b302952a0ded
ae28ef7b-933a-422d-b53e-9a5ec2438b47,WS,WS-VF,locality,,land,Lona Village,,True,True,-171.5511474609375,-13.947587966918945,-171.53565979003906,-13.936365127563477,8db0c504-34b4-4316-b04e-3885d08d5d33
c68721a6-5d8e-4deb-ba0a-e5a652186833,WS,WS-PA,locality,,land,Fa'ala,,True,True,-172.2953643798828,-13.796405792236328,-172.2668914794922,-13.706319808959961,da776de3-d053-4221-a75f-8daa70f0e27e
f91b8fc5-8645-4789-86da-9c791f5d3467,WS,WS-VS,locality,,land,Utuloa,,True,True,-172.63670349121094,-13.50973892211914,-172.62484741210938,-13.499763488769531,5abff692-265f-41ea-bdba-d7820f6a4c80
7d32eaf6-69d3-414b-b1b8-c3506c198ec6,WS,WS-TU,locality,,land,Talimatau,,True,True,-171.80508422851562,-13.847105026245117,-171.79571533203125,-13.834537506103516,6603dcb2-3171-4484-8e37-36e8a8adf4d0
a965b11c-c76f-4b34-9ce2-da23df99f0cb,WS,WS-TU,locality,,land,Siumu,,True,True,-171.78952026367188,-14.027466773986816,-171.75965881347656,-13.928579330444336,c2c6d003-f58f-461f-890f-9666ebc6043b
ba05801b-8752-4474-9a1b-3ca2964f9744,WS,WS-TU,locality,,land,Magiagi Tai,,True,True,-171.75689697265625,-13.868926048278809,-171.74867248535156,-13.845609664916992,5c367a4e-f47c-43c9-8633-e10ca09a503c
d52191a7-cb51-4b58-a6f0-1487a41383b9,WS,WS-TU,locality,,land,Tanumapua,,True,True,-171.836669921875,-13.872977256774902,-171.80445861816406,-13.84604549407959,19f07bed-8126-4a39-a058-e045d5547e53
2e8b0d76-d814-47b1-93f7-3d6e06a7ff63,WS,WS-TU,locality,,land,Fusi,,True,True,-171.8320770263672,-14.002820014953613,-171.79315185546875,-13.944795608520508,23d14c5c-f7c6-4290-87c2-f8e78e2d4d7f
48b49fc2-29f2-41d7-8f04-643ac8c99166,WS,WS-TU,locality,,land,Vaimea,,True,True,-171.7774200439453,-13.842453956604004,-171.7727508544922,-13.837352752685547,d5b88eae-88b4-4861-a5dd-4053aa783c4a
82ffb5e6-f5cd-4baa-8ee3-5721ca2c4e10,WS,WS-TU,locality,,land,Fa'ato'ia,,True,True,-171.7596893310547,-13.845152854919434,-171.75115966796875,-13.834924697875977,0ba66ca0-6bc6-4f60-9f4e-4881297c51ba
f8244acf-2f84-4af1-aabd-253abebf7a98,WS,WS-AA,locality,,land,Tanumalala,,True,True,-171.9758758544922,-13.907607078552246,-171.9055938720703,-13.878626823425293,23442e94-f7be-4be2-93d9-a18eca8ffde3
486bd9c6-ac47-4fca-97ef-eab64d383e37,WS,WS-VS,locality,,land,Papa Uta,,True,True,-172.75733947753906,-13.552949905395508,-172.71141052246094,-13.489150047302246,922c92e7-0cc4-418c-9f99-2f3fdbcbdd2e
2dd8a30a-4453-4d17-8eb7-6075e6c2d6b9,WS,WS-FA,locality,,land,Tino i Iva,,True,True,-172.36293029785156,-13.713187217712402,-172.200927734375,-13.634000778198242,28eab436-da2a-4909-b0c3-58fc14d28661
2a7b495b-e95e-471f-9f31-1f21e952e320,WS,WS-AL,locality,,land,Salua,,True,True,-172.1098175048828,-13.846246719360352,-172.10433959960938,-13.8403959274292,49c2d750-74b7-4ef2-b846-1e1cc757e4be
13b16d2c-4074-42e6-b4d1-17ceaf96e4ff,WS,WS-TU,locality,,land,Matafele,,True,True,-171.77003479003906,-13.832507133483887,-171.7652587890625,-13.827607154846191,fdee95a9-f9c9-45f7-ba2e-bff9d8f345c3
3eb6f195-4aa0-4014-9765-dc90548ad1a0,WS,WS-PA,locality,,land,Sili,,True,True,-172.40158081054688,-13.766776084899902,-172.36289978027344,-13.60959243774414,34e821fb-5269-4554-af05-98fa29a05a98
f124de83-a49a-4bdd-a7c7-9fe864ddffec,WS,WS-PA,locality,,land,Satuiatua,,True,True,-172.6024932861328,-13.71075439453125,-172.5400390625,-13.646581649780273,13f75eb8-31e0-4ae6-8fb3-4c21e5605ded
d878da4a-2e46-47ca-bf39-67f683f29bf1,WS,WS-SA,locality,,land,Vaega,,True,True,-172.34547424316406,-13.772303581237793,-172.32522583007812,-13.649711608886719,1ee2ce10-19a2-4275-bf9c-30404a3b9b63
545126e4-a186-42cf-8751-79ae0edb403c,WS,WS-TU,locality,,land,Puipaa,,True,True,-171.82447814941406,-13.821866989135742,-171.8096466064453,-13.799995422363281,2aa2d9e2-e7a7-4b81-83c9-93a5468a0f01
957eca5c-aedb-4215-8c15-2b09b8cf47b9,WS,WS-FA,locality,,land,Vaimaga,,True,True,-172.19960021972656,-13.686003684997559,-172.18624877929688,-13.674274444580078,25b836e4-75a0-45f4-879f-1758892e02de
fb841c7f-4a1b-478a-a139-d9faf5724e53,WS,WS-AA,locality,,land,Safa'ato'a,,True,True,-171.97039794921875,-13.945465087890625,-171.9253692626953,-13.919169425964355,be7fe577-fcfd-4be6-a9de-8d557f57d9ea
48d28a0b-0e79-4ab8-a464-be20d66b0e8c,WS,WS-FA,locality,,land,Maota,,True,True,-172.26815795898438,-13.750567436218262,-172.2528839111328,-13.718347549438477,52e9fa47-1100-45c6-be2d-ecb64fe029fb
1e4566e2-72cf-4a40-899d-72f6baa30e58,WS,WS-TU,locality,,land,Moata'a Uta,,True,True,-171.7515411376953,-13.844034194946289,-171.74368286132812,-13.834345817565918,fd4ccfb1-3cfc-4abd-8182-b6dad757d6d4
7121a243-0668-4291-9ec3-cec74bf8f1ca,WS,WS-FA,locality,,land,Luua,,True,True,-172.2281951904297,-13.655834197998047,-172.18624877929688,-13.649538040161133,8de73292-2e15-4435-8f49-ec8bd2c08514
1275f056-1683-43c6-9e84-ed225caaf274,WS,WS-GI,locality,,land,Matavai,,True,True,-172.42816162109375,-13.613463401794434,-172.4193572998047,-13.46967601776123,041ae8fb-ce45-4e1c-b94d-1fbb1607276c
a1171599-2b10-408e-b433-e6c8dbafaf17,WS,WS-TU,locality,,land,Vaitele Uta,,True,True,-171.81802368164062,-13.839855194091797,-171.8033447265625,-13.828640937805176,046aecb1-2ec5-456e-9035-2036c97d4833
437a09e2-9484-4545-a572-d2827fb84330,WS,WS-AL,locality,,land,Apai,,True,True,-172.1189727783203,-13.850025177001953,-172.11676025390625,-13.845966339111328,4e3d3472-0914-495f-9e96-bee5e39276ce
56dac62b-e854-4acf-a978-a1a84373d75f,WS,WS-TU,locality,,land,Vailele Uta,,True,True,-171.74168395996094,-13.891229629516602,-171.72630310058594,-13.851250648498535,c5b35635-84ae-4935-94d6-38492a68942a
c72a6c43-dd7a-48a5-9bb2-09c57077c225,WS,WS-SA,locality,,land,Samata-i-Uta,,True,True,-172.66433715820312,-13.657225608825684,-172.61007690429688,-13.585805892944336,8a74f0cd-92d5-4c5f-8660-3e42bcccebe4
ce6904fd-abea-4e13-b13c-2133df0ed221,WS,WS-FA,locality,,land,Pu'apu'a,,True,True,-172.2838592529297,-13.610663414001465,-172.20472717285156,-13.522592544555664,c3143e83-fe5f-4f31-83a0-4f39f9963cab
39f5ba59-13ed-47b4-9631-3baeb582f279,WS,WS-PA,locality,,land,Gautavai,,True,True,-172.3876190185547,-13.777886390686035,-172.38111877441406,-13.769148826599121,02f5dd2d-1192-446e-9b52-c1efaadf3a34
4ec79986-1db3-47b2-b607-42602040133e,WS,WS-SA,locality,,land,Fagafau,,True,True,-172.7165069580078,-13.644696235656738,-172.641845703125,-13.569195747375488,97eefcd0-2965-4289-9577-a2c3cfb3a306
7cc7550f-513f-4cae-bf3a-313a710ba24c,WS,WS-GE,locality,,land,Sale'aula,,True,True,-172.3948516845703,-13.609594345092773,-172.32424926757812,-13.44263744354248,c5cd29c5-dc09-4b8a-8d65-3c6278f587d2
a9be1672-e2cf-4f8a-a8cd-7e482df47169,WS,WS-TU,locality,,land,Vaitele Fou,,True,True,-171.8295135498047,-13.834182739257812,-171.81178283691406,-13.820852279663086,28bb00c3-8257-4228-a087-4e8869157ed3
efa4a65e-2d3c-4109-aee8-b0e0d7657452,WS,WS-PA,locality,,land,Tafua,,True,True,-172.26881408691406,-13.803768157958984,-172.2227020263672,-13.74985122680664,c0cb9205-83c0-4afe-aa35-b5eb90377b2a
7bc6c504-e661-40a4-820e-88bc17ba657d,WS,WS-TU,locality,,land,Siumu Uta,,True,True,-171.78636169433594,-14.00309944152832,-171.7719268798828,-13.927724838256836,4f318655-e9a4-4ed7-9ebd-f8e90e19b741
1533adc8-b913-4306-a09f-72946185c547,WS,WS-VS,locality,,land,Avata,,True,True,-172.78851318359375,-13.539185523986816,-172.74407958984375,-13.489150047302246,bdf8f27c-e669-4f0b-8213-c8dd4edc938c
ddba525e-0a4d-46f3-ab00-77654892b73e,WS,WS-TU,locality,,land,Vaigaga,,True,True,-171.80197143554688,-13.828181266784668,-171.79344177246094,-13.820514678955078,ca8514d4-d8e7-471a-8f54-d2b4010cabfd
e4b2e7bb-895c-4c83-9648-c3c667b46f66,WS,WS-TU,locality,,land,Taufusi,,True,True,-171.7740020751953,-13.840182304382324,-171.76954650878906,-13.83505916595459,019709a2-3521-4880-815f-fd9c243aec40
5972afde-32e2-48f5-adf7-b08e6e06a4f3,WS,WS-TU,locality,,land,Utuali'i,,True,True,-171.9127960205078,-13.837384223937988,-171.90574645996094,-13.798223495483398,cd6adb19-57cf-4eae-b61a-f510237d7c41
11b1bb0b-ab32-410e-be90-6d1231c29c71,WS,WS-TU,locality,,land,Tufulele,,True,True,-171.91900634765625,-13.835723876953125,-171.90786743164062,-13.802459716796875,269ee5d9-3849-41a1-b4d0-8d984c4593e0
9344f5ae-af5a-4798-8ed2-1da87165d11b,WS,WS-SA,locality,,land,Moasula,,True,True,-172.34133911132812,-13.760591506958008,-172.321044921875,-13.65339183807373,bb108766-eec7-463b-b59d-a1ce97fa47b3
731ebe6c-0d33-466b-882a-a264b9f5738f,WS,,country,0,maritime,Sāmoa,"[[""hy"", ""Սամոա""], [""se"", ""Samoa""], [""ku"", ""Samoa""], [""bs"", ""Samoa""], [""hr"", ""Samoa""], [""ta"", ""சமோவா""], [""ka"", ""სამოა""], [""ar"", ""ساموا""], [""fr"", ""Samoa""], [""lfn"", ""Samoa""], [""is"", ""Samóa""], [""lv"", ""Samoa""], [""rn"", ""Samowa""], [""am"", ""ሳሞአ""], [""bn"", ""সামোয়া""], [""uk"", ""Самоа""], [""si"", ""සැමෝවා""], [""li"", ""Samoa""], [""ksh"", ""Sammoha""], [""ga"", ""Samó""], [""br"", ""Samoa""], [""sms"", ""Samoa""], [""pt-PT"", ""Samoa""], [""pt"", ""Samoa""], [""cs"", ""Samoa""], [""zu"", ""i-Samoa""], [""smn"", ""Samoa""], [""lo"", ""ຊາມົວ""], [""gn"", ""Samóa""], [""el"", ""Σαμόα""], [""it"", ""Samoa""], [""ca"", ""Samoa""], [""pt-BR"", ""Samoa""], [""vi"", ""Samoa""], [""yo"", ""Orílẹ́ède Samọ""], [""tzl"", ""Samovia""], [""nl"", ""Samoa""], [""zh-Hans"", ""萨摩亚""], [""bg"", ""Самоа""], [""gv"", ""Samoa""], [""ckb"", ""ساموا""], [""ko"", ""사모아""], [""or"", ""ସାମୋଆ""], [""eo"", ""Samoo""], [""mk"", ""Самоа""], [""dz"", ""ས་མོ་ཨ""], [""et"", ""Samoa""], [""de"", ""Samoa""], [""bm"", ""Samowa""], [""ha"", ""Samowa""], [""to"", ""Haʻamoa""], [""ur"", ""ساموآ""], [""fy"", ""Samoä""], [""jbo"", ""samoas""], [""ru"", ""Самоа""], [""kw"", ""Samoa""], [""ml"", ""സാമോവ""], [""th"", ""ประเทศซามัว""], [""id"", ""Samoa""], [""ia"", ""Samoa""], [""sr-Latn"", ""Samoa""], [""sv"", ""Samoa""], [""tr"", ""Samoa""], [""da"", ""Samoa""], [""sg"", ""Samoäa""], [""sr-Cyrl"", ""Самоа""], [""lg"", ""Samowa""], [""zh-Hant"", ""薩摩亞""], [""sm"", ""Sāmoa""], [""en"", ""Samoa""], [""gu"", ""સમોઆ""], [""he"", ""סמואה""], [""kn"", ""ಸಮೋವಾ""], [""tok"", ""ma Samowa""], [""gd"", ""Samotha""], [""sk"", ""Samoa""], [""es"", ""Samoa""], [""fo"", ""Sámoa""], [""hi"", ""समोआ""], [""vo"", ""Samovuäns""], [""te"", ""సమోవా""], [""mr"", ""सामोआ""], [""io"", ""Samoa""], [""be"", ""Самоа""], [""mi"", ""Hāmoa""], [""kab"", ""Samwa""], [""ja"", ""サモア""], [""fi"", ""Samoa""], [""bo"", ""ནུ་བ་ས་མོ་འ།""], [""ro"", ""Samoa""], [""ne"", ""सामोआ""], [""ee"", ""Samoa nutome""], [""ff"", ""Samowaa""], [""lt"", ""Samoa""], [""no"", ""Samoa""], [""km"", ""សាមូអា""], [""sl"", ""Samoa""], [""ti"", ""ሳሞአ""], [""fa"", ""ساموآ""], [""mn"", ""Самоа""], [""zh"", ""萨摩亚 / 薩摩亞""], [""hu"", ""Szamoa""], [""pl"", ""Samoa""], [""ks"", ""سیمووا""]]",False,True,-173.0092010498047,-14.277091979980469,-171.1929168701172,-13.238188743591309,a92c1621-fad0-4bdd-963b-9623f7514df2
897f77e2-17b0-4a34-a3ab-67c0709b889f,WS,WS-AT,locality,,land,Lepa,,True,True,-171.53012084960938,-14.041936874389648,-171.50088500976562,-14.006084442138672,8b235e70-6496-42f8-9906-817e5ff1cf73
9677868f-e68a-4fb0-8eea-648267f21e6f,WS,WS-PA,locality,,land,Foailuga,,True,True,-172.60858154296875,-13.707422256469727,-172.5361785888672,-13.629161834716797,1e8fd5fa-4c45-417b-87df-747db5fd99bc
85557811-99a5-41cb-925e-85b7d89c85c8,WS,WS-FA,locality,,land,Sapulu,,True,True,-172.28494262695312,-13.75185489654541,-172.2161102294922,-13.692401885986328,7155a8a7-25c5-435b-ad91-fb573fee0297
ec19f5f9-a521-4bbd-80a8-0d0971ba22c3,WS,WS-FA,locality,,land,Sapapali'i,,True,True,-172.34832763671875,-13.69835090637207,-172.18878173828125,-13.613861083984375,c39f9d68-8a48-4601-a4b9-21ab9c79899b
c4fc55ec-a789-4239-bd69-7a7d4c00d209,WS,WS-TU,locality,,land,Sinamoga,,True,True,-171.7899932861328,-13.855130195617676,-171.77542114257812,-13.847057342529297,a854789f-7fc1-470b-9703-18fa15cbd74c
9a1e3169-1f2a-4e9f-add6-ca0ed50f4bb3,WS,WS-FA,locality,,land,Fogapoa,,True,True,-172.2245635986328,-13.67476749420166,-172.1759033203125,-13.659440040588379,16f455e2-acaa-4666-9275-9b452c9cfd33
49a80caf-577c-4584-910f-9d99dd951b22,WS,WS-TU,locality,,land,Vini Fou,,True,True,-171.754638671875,-13.840466499328613,-171.7508544921875,-13.837867736816406,c9afcc20-e3d5-437a-a8fd-e7d1af6cce16
806b7cb5-dafa-4c8d-856f-faecbf0e5926,WS,WS-PA,locality,,land,Papa,,True,True,-172.3701934814453,-13.775985717773438,-172.3536376953125,-13.728801727294922,1a90eaa4-f52e-4ce7-adc8-c8bfb4a4bb62
e9467a9b-3273-4d32-9adf-e43264925c3a,WS,WS-TU,locality,,land,Mulivai,,True,True,-171.81126403808594,-14.010844230651855,-171.78590393066406,-13.948501586914062,75108b90-7029-492e-96a7-eb16ba7c6b4a
7c1ff47d-40ea-48ba-8e86-fd5ec6264d72,WS,WS-TU,locality,,land,Alamutu,,True,True,-171.88577270507812,-13.812137603759766,-171.8798828125,-13.797425270080566,7d6e6a15-563d-4299-bd81-7481a3b23627
98c7b1d2-b1ab-4457-9507-d32c49626146,WS,WS-TU,locality,,land,Tafaigata,,True,True,-171.8411407470703,-13.856743812561035,-171.82247924804688,-13.837291717529297,ff5038a8-6418-4888-b680-9cb1516e0650
12481a9f-f1e9-41ed-b10a-d8c01ae3c5eb,WS,WS-TU,locality,,land,Tapatapao,,True,True,-171.8660125732422,-13.935848236083984,-171.8194580078125,-13.86547565460205,9c0ee6cd-f87c-4b76-9af2-e2fb81d7f909
24676527-9c86-4a15-9374-2edf84d0ba16,WS,WS-TU,locality,,land,Nu'u,,True,True,-171.8503875732422,-13.849373817443848,-171.8273162841797,-13.821915626525879,36737aa3-9839-4eb7-8125-5c6e7d10f3e0
6461fab5-98c1-4747-8d59-67bc41010923,WS,WS-TU,locality,,land,Malifa,,True,True,-171.763916015625,-13.844439506530762,-171.7578125,-13.838132858276367,2087ec73-e27a-4d31-a314-9c85e8bba39a
91efdb1f-0d65-40a2-9cb6-936aa2f1a0ac,WS,WS-TU,locality,,land,Alamagoto,,True,True,-171.77989196777344,-13.850135803222656,-171.77374267578125,-13.841591835021973,80b0175a-177d-4b73-90d7-91380494c079
db8b435c-767b-4aa0-81f6-f7bb9075ce95,WS,WS-GI,locality,,land,Paia,,True,True,-172.41470336914062,-13.61143684387207,-172.38748168945312,-13.469804763793945,13ed9baa-42ce-40d6-a764-dfbfdc4abf9e
1b081841-1e4f-42af-af35-81154c64ac80,WS,WS-PA,locality,,land,Puleia,,True,True,-172.3795928955078,-13.779332160949707,-172.3654022216797,-13.761626243591309,c13b61f5-2d2e-474e-b32c-d6ddd8d670f5
7bcec095-a504-4b9c-9ade-f3d02f58171e,WS,WS-AT,locality,,land,Fusi,,True,True,-171.6272735595703,-13.905881881713867,-171.61654663085938,-13.884060859680176,74dc60fe-877a-4d9e-8060-32b4e89bef91
79f14375-73cb-43c2-91c3-d7bdf934e264,WS,WS-TU,locality,,land,Tulaele,,True,True,-171.7967529296875,-13.84724235534668,-171.79225158691406,-13.838932991027832,3e70b4e2-63eb-4361-a375-622749fa3ec6
9a47f131-16c0-4abe-856e-d9339676dc4c,WS,WS-FA,locality,,land,Foua,,True,True,-172.21795654296875,-13.731220245361328,-172.20761108398438,-13.720419883728027,8bd40bb7-a6b4-46f7-a790-493e87ffe592
d406802e-fd20-4e02-bdf2-b3a7360d9ce7,WS,WS-GE,locality,,land,Samalae'ulu,,True,True,-172.3948516845703,-13.621021270751953,-172.2585906982422,-13.480435371398926,255ff911-a7e6-4d84-a5e8-27b8e209b647
69c86537-5a1f-4c47-af0c-9829897ad96b,WS,,country,0,land,Sāmoa,"[[""hy"", ""Սամոա""], [""se"", ""Samoa""], [""ku"", ""Samoa""], [""bs"", ""Samoa""], [""hr"", ""Samoa""], [""ta"", ""சமோவா""], [""ka"", ""სამოა""], [""ar"", ""ساموا""], [""fr"", ""Samoa""], [""lfn"", ""Samoa""], [""is"", ""Samóa""], [""lv"", ""Samoa""], [""rn"", ""Samowa""], [""am"", ""ሳሞአ""], [""bn"", ""সামোয়া""], [""uk"", ""Самоа""], [""si"", ""සැමෝවා""], [""li"", ""Samoa""], [""ksh"", ""Sammoha""], [""ga"", ""Samó""], [""br"", ""Samoa""], [""sms"", ""Samoa""], [""pt-PT"", ""Samoa""], [""pt"", ""Samoa""], [""cs"", ""Samoa""], [""zu"", ""i-Samoa""], [""smn"", ""Samoa""], [""lo"", ""ຊາມົວ""], [""gn"", ""Samóa""], [""el"", ""Σαμόα""], [""it"", ""Samoa""], [""ca"", ""Samoa""], [""pt-BR"", ""Samoa""], [""vi"", ""Samoa""], [""yo"", ""Orílẹ́ède Samọ""], [""tzl"", ""Samovia""], [""nl"", ""Samoa""], [""zh-Hans"", ""萨摩亚""], [""bg"", ""Самоа""], [""gv"", ""Samoa""], [""ckb"", ""ساموا""], [""ko"", ""사모아""], [""or"", ""ସାମୋଆ""], [""eo"", ""Samoo""], [""mk"", ""Самоа""], [""dz"", ""ས་མོ་ཨ""], [""et"", ""Samoa""], [""de"", ""Samoa""], [""bm"", ""Samowa""], [""ha"", ""Samowa""], [""to"", ""Haʻamoa""], [""ur"", ""ساموآ""], [""fy"", ""Samoä""], [""jbo"", ""samoas""], [""ru"", ""Самоа""], [""kw"", ""Samoa""], [""ml"", ""സാമോവ""], [""th"", ""ประเทศซามัว""], [""id"", ""Samoa""], [""ia"", ""Samoa""], [""sr-Latn"", ""Samoa""], [""sv"", ""Samoa""], [""tr"", ""Samoa""], [""da"", ""Samoa""], [""sg"", ""Samoäa""], [""sr-Cyrl"", ""Самоа""], [""lg"", ""Samowa""], [""zh-Hant"", ""薩摩亞""], [""sm"", ""Sāmoa""], [""en"", ""Samoa""], [""gu"", ""સમોઆ""], [""he"", ""סמואה""], [""kn"", ""ಸಮೋವಾ""], [""tok"", ""ma Samowa""], [""gd"", ""Samotha""], [""sk"", ""Samoa""], [""es"", ""Samoa""], [""fo"", ""Sámoa""], [""hi"", ""समोआ""], [""vo"", ""Samovuäns""], [""te"", ""సమోవా""], [""mr"", ""सामोआ""], [""io"", ""Samoa""], [""be"", ""Самоа""], [""mi"", ""Hāmoa""], [""kab"", ""Samwa""], [""ja"", ""サモア""], [""fi"", ""Samoa""], [""bo"", ""ནུ་བ་ས་མོ་འ།""], [""ro"", ""Samoa""], [""ne"", ""सामोआ""], [""ee"", ""Samoa nutome""], [""ff"", ""Samowaa""], [""lt"", ""Samoa""], [""no"", ""Samoa""], [""km"", ""សាមូអា""], [""sl"", ""Samoa""], [""ti"", ""ሳሞአ""], [""fa"", ""ساموآ""], [""mn"", ""Самоа""], [""zh"", ""萨摩亚 / 薩摩亞""], [""hu"", ""Szamoa""], [""pl"", ""Samoa""], [""ks"", ""سیمووا""]]",True,False,-172.80384826660156,-14.075807571411133,-171.4080810546875,-13.43880558013916,a92c1621-fad0-4bdd-963b-9623f7514df2
e848a4ae-32f4-485f-9022-eea232f6b649,WS,WS-SA,locality,,land,Satufia,,True,True,-172.36416625976562,-13.77846622467041,-172.32577514648438,-13.637469291687012,ec0a0dea-4f3e-4315-9385-5f9778beb091
3ea6d351-54b4-46de-883c-738d21d9d825,WS,WS-TU,locality,,land,Tiapapata,,True,True,-171.79393005371094,-13.901754379272461,-171.76942443847656,-13.883204460144043,451e7df7-ecd7-4222-b810-6f3852e462d1
881d0434-384c-44df-ac12-cd74398b44b7,WS,WS-TU,locality,,land,Alafua,,True,True,-171.80186462402344,-13.874747276306152,-171.78506469726562,-13.848233222961426,3fbf0256-fd0f-4ce3-bdda-e46e74eeeec4
b20b485f-8529-49fe-ba47-6603a5613dd5,WS,WS-SA,locality,,land,Vaipua,,True,True,-172.63902282714844,-13.685253143310547,-172.62400817871094,-13.668621063232422,9a58a2e6-021f-484e-ac44-71df1f2a5369
6d321911-dd2c-4170-8d5c-6e47b982df19,WS,WS-TU,locality,,land,Mulinu'u,,True,True,-171.78184509277344,-13.822616577148438,-171.77561950683594,-13.814420700073242,285e0cc7-845c-4d2e-b1ef-0fb4a1de5059
e7e7938e-08eb-486e-bca2-606fe196c756,WS,WS-GE,locality,,land,Avao,,True,True,-172.3649444580078,-13.462204933166504,-172.35873413085938,-13.445432662963867,147cf352-c2ca-4003-8e61-6a97375520c9
a3b259d6-7f92-4459-a8ba-7b1b5f3a6462,WS,WS-FA,locality,,land,Asaga,,True,True,-172.2655029296875,-13.61998176574707,-172.20114135742188,-13.595826148986816,759c49fd-ee82-4f17-a812-853859c46157
bb095ec1-f7b7-4216-b190-d59e2dbe94be,WS,WS-VS,region,1,land,Vaisigano,,True,True,-172.80409240722656,-13.629034996032715,-172.5440216064453,-13.489899635314941,8efebec0-aced-44d3-b1bf-a7561ff0f24a
e8ec0022-62b0-45a9-893e-757b9e3de839,WS,WS-AT,locality,,land,Lalomanu,,True,True,-171.49246215820312,-14.049086570739746,-171.43382263183594,-14.01243782043457,763009ae-5865-4e96-9239-70e934c204fe
63286849-699c-4435-b320-81f732762dde,WS,WS-TU,locality,,land,Falelauniu,,True,True,-171.826416015625,-13.852774620056152,-171.81752014160156,-13.844461441040039,488e3d93-cb9f-41ed-968e-3092514f8afa
f4c7ad3b-41fb-4254-8361-f85accf5d74c,WS,WS-TU,locality,,land,Lelata,,True,True,-171.75880432128906,-13.849431037902832,-171.75436401367188,-13.842621803283691,d28c42ff-abe4-4617-8914-8e4fed9cd66f
eb9c0980-27c4-4471-9c84-2372e17236bd,WS,WS-TU,locality,,land,Letogo,,True,True,-171.73634338378906,-13.940274238586426,-171.71554565429688,-13.849899291992188,7bf8b60a-ba12-478b-8b3e-20aec4a99631
22c5d2ea-754c-4732-a184-8d4251ba8d67,WS,WS-TU,locality,,land,Magiagi Uta,,True,True,-171.7767791748047,-13.940274238586426,-171.72520446777344,-13.86864185333252,8ebfd551-fa35-438e-ac63-9b059ae9775a
c250dcad-4102-458c-9201-6e4ab39fd22e,WS,WS-TU,locality,,land,Palisi,,True,True,-171.7766876220703,-13.850238800048828,-171.76904296875,-13.839066505432129,afc59b03-4f89-446a-8b2a-796e5f1b715b
4e183c62-3486-49b7-9da9-24aa74d0e2a2,WS,WS-TU,locality,,land,Tanumaleko,,True,True,-171.7679443359375,-13.861525535583496,-171.76165771484375,-13.857077598571777,c50ed1d0-4213-4948-8c1f-15d2f66edb2b
695e8d66-b634-4a36-8c12-dae81b017f54,WS,WS-TU,locality,,land,Vailele Tai,,True,True,-171.73265075683594,-13.854653358459473,-171.720947265625,-13.841428756713867,c38ea03c-c2cb-4a34-9031-8e79c8a0a0f7
37e40dda-4a79-41ab-a316-61ead7b26e59,WS,WS-PA,region,1,land,Palauli,,True,True,-172.62005615234375,-13.803698539733887,-172.22271728515625,-13.609586715698242,a8649ef7-cdde-4f41-9ecc-69c76372b360
125cb590-42cb-4c60-bdbd-d8f457c6ee07,WS,WS-TU,locality,,land,Lalovaea Sisifo,,True,True,-171.7819061279297,-13.877928733825684,-171.76580810546875,-13.8386869430542,e09faf22-438d-4883-9771-8f91b08a6a24
c51d7772-8327-4aee-a271-5216ac94a563,WS,WS-TU,locality,,land,Safune,,True,True,-171.8130340576172,-13.813101768493652,-171.80747985839844,-13.8065824508667,4d22d0f6-ce29-46ff-bfac-f0028f227403
8ed22be6-a0b8-480f-90ad-27fba9e60d5f,WS,WS-TU,locality,,land,Fausaga,,True,True,-171.8244171142578,-14.004592895507812,-171.78927612304688,-13.947835922241211,d24dc4a9-3b75-4146-879b-01047e8ebcd3
50174fee-6b7c-49e4-acb6-95ebcdde2831,WS,WS-GI,locality,,land,Aopo,,True,True,-172.58984375,-13.629189491271973,-172.49270629882812,-13.472152709960938,bcb01c1e-4cb5-4c02-9c19-3949bcbce474
8aebec20-2a6a-4155-8dc7-ef30bb82d731,WS,WS-TU,locality,,land,Matautu Uta,,True,True,-171.7606201171875,-13.834611892700195,-171.75454711914062,-13.828640937805176,8db2430e-2b84-4197-b1a5-c5c68ccbae74
bf8879ec-3856-4d49-9f02-dcf7092602d1,WS,WS-TU,locality,,land,Tanoa le i'a,,True,True,-171.75181579589844,-13.8739595413208,-171.739013671875,-13.853107452392578,7e47d420-9c62-4bb2-8e06-f47574fb60d5
d81392d1-022f-4641-a91c-3603a05ceabb,WS,WS-TU,locality,,land,Tauese,,True,True,-171.765869140625,-13.835466384887695,-171.7634735107422,-13.832286834716797,962f46e5-68da-4388-903d-e90c5227737e
b9166f86-f9b9-4104-a65e-121070cc3173,WS,WS-AT,locality,,land,Siupapa,,True,True,-171.5165557861328,-14.041851997375488,-171.50311279296875,-14.018470764160156,52d94512-a0a0-4e6d-99a4-5c4f208d62a1
c2449878-53ca-4ce9-a01c-e66fd00613e6,WS,WS-TU,locality,,land,Elise Fou,,True,True,-171.80386352539062,-13.834809303283691,-171.801025390625,-13.82703971862793,49e910cb-a58f-4caa-9c3b-070db2a805f9
2b8cc7cf-4a2c-49d1-9aa8-b39dd3f1ff2d,WS,WS-FA,locality,,land,Vaia'ata,,True,True,-172.34117126464844,-13.664478302001953,-172.22607421875,-13.574851989746094,b9bb660e-0afe-4af7-aa46-a9c74075fea4
8a3e6b85-3ad1-4dbb-a651-a1acf66163e9,WS,WS-GI,locality,,land,Faletagaloa,,True,True,-172.43699645996094,-13.614510536193848,-172.42393493652344,-13.46791934967041,09711b04-d29b-434a-b31a-d2b35b27807a
16c62c59-6bf6-4981-beae-4ee57a504717,WS,WS-TU,locality,,land,A'ai o Fiti,,True,True,-171.7782745361328,-13.842635154724121,-171.7751922607422,-13.84068489074707,c9d876ba-7f2d-4fdb-8c60-1eea39314abe
9afc261d-5c2f-4c28-9dbc-fdbb9263c5f2,WS,WS-TU,locality,,land,Fugalei,,True,True,-171.78062438964844,-13.838431358337402,-171.77134704589844,-13.826594352722168,d5cd59b4-21e8-44e9-8bae-ea586cbaadf9
5ca35a14-3efa-4e08-9a0a-1ff3f62b93fa,WS,WS-GI,region,1,land,Gagaʻifomauga,,True,True,-172.58985900878906,-13.629047393798828,-172.37303161621094,-13.445883750915527,c8a13b31-844b-48e9-a3a8-7f1d6e5bc81d
23cc79aa-21a2-4716-a823-4ef65b0515d4,WS,WS-TU,locality,,land,A'ai o Niue,,True,True,-171.76333618164062,-13.837065696716309,-171.7608642578125,-13.8353271484375,5c25bbfe-898b-4572-ad87-88493eddcfc6
d295107a-a1ed-4f8d-9c55-07b4c7b0b221,WS,WS-TU,locality,,land,Matautu Tai,,True,True,-171.7602081298828,-13.830718994140625,-171.7552947998047,-13.824414253234863,2a69bbf0-a1ba-4e23-8341-8bdf0707693b
722b3c21-d56f-401b-8b12-a17add041612,WS,WS-TU,locality,,land,Toamua,,True,True,-171.82083129882812,-13.823888778686523,-171.80755615234375,-13.810866355895996,aa05f8a5-3c88-49b9-8a57-9991250437bd
8d9ea3c4-1a1d-4670-ae56-00c738eb9ff9,WS,WS-SA,region,1,land,Satupaʻitea,,True,True,-172.71607971191406,-13.778388977050781,-172.32095336914062,-13.5692138671875,8fa7a3ab-44e0-45e2-9d52-5aa8067ff021
e042a22c-9875-41e7-a639-ac9ad3657bba,WS,WS-GI,locality,,land,Letui,,True,True,-172.50538635253906,-13.629195213317871,-172.45909118652344,-13.460882186889648,8cff9434-ba8d-4218-a6f2-f487eca547cc
d410de49-dcf2-473e-be85-dec151481c84,WS,WS-TU,locality,,land,Fatitu,,True,True,-171.90078735351562,-13.805047035217285,-171.89480590820312,-13.800628662109375,3c0abdd7-eec4-4194-922b-9a33b8b4c03e
c76d1add-7b44-4483-9957-50850ffb486e,WS,WS-FA,locality,,land,Salelavalu Tai,,True,True,-172.20155334472656,-13.725072860717773,-172.19544982910156,-13.713601112365723,540c9459-99be-445c-b4d1-f025a8890721
6d0c8534-bdc4-441f-9248-bba36178f784,WS,WS-FA,locality,,land,Fatausi,,True,True,-172.22091674804688,-13.679346084594727,-172.1768035888672,-13.662151336669922,07b53c13-f9ab-4813-b5e4-333f5de662c8
b63631ac-9095-4656-bb17-2f90760b56d4,WS,WS-TU,locality,,land,Mulivai,,True,True,-171.7682342529297,-13.835302352905273,-171.76507568359375,-13.831162452697754,0100d03a-ae96-4132-85b7-5f4a26e8a211
040d27be-4998-4c78-8135-1f71682fc727,WS,WS-FA,locality,,land,Fataloa,,True,True,-172.24578857421875,-13.798151016235352,-172.21177673339844,-13.736641883850098,d12ead9d-9904-4bb9-82f7-9bc265348ff4
5cc77048-1949-46d1-b4c4-b77b008764db,WS,WS-TU,locality,,land,Leaupani,,True,True,-171.8567657470703,-13.941143035888672,-171.81710815429688,-13.87773323059082,6925afc0-ee52-46c7-b07b-1309b2c2194e
b29b74d6-810e-4051-b201-68ea19e83b6d,WS,WS-GI,locality,,land,Samauga,,True,True,-172.41864013671875,-13.47053337097168,-172.40655517578125,-13.44974136352539,82b713ac-ffb5-45b6-a2c5-7cdb9a32d3e2
cf17ef30-b406-40dc-956d-e0c7a8fbde4a,WS,WS-TU,locality,,land,Letava,,True,True,-171.7707061767578,-13.880172729492188,-171.76023864746094,-13.874212265014648,e78d8be3-7f17-4bc1-b9fc-a377d868347c
a2bedfd9-915a-4b20-a325-e0f53fd932f1,WS,WS-FA,locality,,land,Fuifatu,,True,True,-172.18336486816406,-13.680708885192871,-172.18026733398438,-13.676545143127441,6deb2ac6-8a17-4ea5-8bbc-7aaa755af2ef
c8130da0-1a2c-4d28-9e19-ba743cb1a634,WS,WS-TU,locality,,land,Vaiusu,,True,True,-171.80238342285156,-13.839144706726074,-171.7913360595703,-13.823265075683594,afab853a-0504-41dd-829f-06595d153698
5039dd1f-816c-4592-b56c-0a734b1c0324,WS,WS-VS,locality,,land,Falelima,,True,True,-172.73622131347656,-13.603310585021973,-172.67941284179688,-13.560078620910645,f4e8bab0-a908-406b-9b5e-7b3f3a878c7b
ee469db1-ada7-4f8b-ad78-4751ead7c513,WS,WS-GI,locality,,land,Fagae'e,,True,True,-172.45738220214844,-13.617575645446777,-172.4388427734375,-13.467559814453125,1a566167-fb3f-4b8e-bca5-1f3e6cab27d2
c44a1452-c654-4f9f-bbc3-fcf46051f49d,WS,WS-AL,locality,,land,Manono Uta,,True,True,-172.07379150390625,-13.893179893493652,-172.05044555664062,-13.86479663848877,b6953a90-3381-4bb9-9a85-82dc69054a28
cd3715e3-738c-407e-96c1-ac134b08a8e8,WS,WS-GI,locality,,land,Malae Samauga,,True,True,-172.41580200195312,-13.456690788269043,-172.41490173339844,-13.455759048461914,c60b8da1-d871-4305-a3bd-5a0ed0088af1
f54dbad7-7a2d-488e-8271-00dd6e0ab501,WS,WS-FA,locality,,land,Safua,,True,True,-172.26260375976562,-13.701491355895996,-172.19729614257812,-13.678679466247559,3d67a7c4-f7a2-479c-b932-50f7bf27024f
39024466-27cc-4399-947d-9aef8a1fe27b,WS,WS-AL,locality,,land,Faleu,,True,True,-172.1087646484375,-13.860184669494629,-172.10313415527344,-13.855631828308105,3d1cd444-e013-42a3-bf0a-5ef0a0779aca
c95cc1d0-16d3-4ac8-8bd7-a49aab85b141,WS,WS-TU,locality,,land,Mootootua,,True,True,-171.76583862304688,-13.849130630493164,-171.75672912597656,-13.841682434082031,060c4f50-6bc3-4f32-ba4a-6a788ce6c482
aa3772ed-4970-4790-9eb8-0dfa266c5978,WS,WS-TU,locality,,land,Siusega,,True,True,-171.83045959472656,-13.847362518310547,-171.81019592285156,-13.832368850708008,6a26db1b-0590-4a04-aa9e-43b35bb5fa24
b8d60c39-7e60-40a4-b3df-cbbacf1319ea,WS,WS-TU,locality,,land,Tafitoala,,True,True,-171.8408203125,-14.009092330932617,-171.8026580810547,-13.972956657409668,85f548dc-33b7-4491-aeb8-a080aece0978
10fbbba9-d54e-457c-b218-c0a019b0278f,WS,WS-TU,locality,,land,Tuana'i,,True,True,-171.86862182617188,-13.847311973571777,-171.8545379638672,-13.796319007873535,9c8f609d-f121-4a5b-ae1a-2e135e35c719
5988293e-3252-4422-bfa1-319c80480b5e,WS,WS-TU,locality,,land,Malua,,True,True,-171.9071502685547,-13.821027755737305,-171.89878845214844,-13.797893524169922,f27cb785-67c2-40a5-86de-32ec2274d72a
12c0b81d-e9f3-4fb7-b323-8685bfe756bd,WS,WS-AT,locality,,land,Lealatele,,True,True,-171.52113342285156,-14.041994094848633,-171.51576232910156,-14.037281036376953,3d96a191-7741-4f2b-bac5-d029e678b40c
8e3fbeea-7667-478c-a2a5-97b9be551bd3,WS,WS-FA,locality,,land,Eve'eve,,True,True,-172.19476318359375,-13.684858322143555,-172.18408203125,-13.674274444580078,0056691e-5677-41e8-bc46-951cf9ea9c0d
38f1ae40-e102-4189-864b-e979f85d79de,WS,WS-TU,locality,,land,Aleisa Sisifo,,True,True,-171.90794372558594,-13.932191848754883,-171.86666870117188,-13.847127914428711,a8ded086-9c56-4e7e-91ed-a6a451ced015
99153cc0-646f-4a70-b62b-2d028f171935,WS,WS-FA,region,1,land,Faʻasaleleaga,,True,True,-172.3629608154297,-13.798065185546875,-172.17401123046875,-13.522612571716309,45dba20c-6c58-4aae-9173-63a222da837a
3475ab7f-d4cc-4671-8f85-867b8db4a5c5,WS,WS-TU,locality,,land,Malololelei,,True,True,-171.7987823486328,-13.91061019897461,-171.77581787109375,-13.896316528320312,a3a8c93d-9c56-4772-a76a-85b5c07d31ba
509bff7b-787d-4343-9830-11ad95a69420,WS,WS-TU,locality,,land,Pesega,,True,True,-171.7880401611328,-13.843164443969727,-171.78099060058594,-13.835567474365234,05f9532a-6bbf-4150-bd29-f4cc1b934ddd
57748ff4-7a9c-4dc8-87b3-3a4af480fa73,WS,WS-TU,locality,,land,Vailoa,,True,True,-171.7981719970703,-13.840959548950195,-171.78787231445312,-13.826871871948242,ee71981f-b0cc-4530-b06f-92031e0aef7d
0388b099-a99a-4c9e-8043-19ceb66aaab8,WS,WS-VS,locality,,land,Vaisala,,True,True,-172.69654846191406,-13.569197654724121,-172.6576385498047,-13.50503158569336,dacc9821-8561-4d0f-9a37-5d634b60989b
bd16cb97-7291-42e0-a005-9cc8c0f27fde,WS,WS-SA,locality,,land,Fai'a'ai,,True,True,-172.64688110351562,-13.675946235656738,-172.56886291503906,-13.607993125915527,4fb911e4-b481-45fc-98f4-7ade09c1bfbf
733cd482-948b-4033-900f-a2cf69ff1a88,WS,WS-VS,locality,,land,Neiafu Uta,,True,True,-172.7559051513672,-13.5769624710083,-172.69972229003906,-13.547554016113281,074a97b8-f26c-47a9-975f-aba454e8e4a4
51a5ebd1-b8ba-4885-8e5b-0e330c7fe6e7,WS,WS-TU,locality,,land,Vaipuna,,True,True,-171.75576782226562,-13.833259582519531,-171.75225830078125,-13.829361915588379,cf562f4a-df64-4bd1-afda-97537ead40c2
1b2d62d7-3920-4e50-b904-aad7ace7f0d9,WS,WS-TU,locality,,land,Tanugamanono,,True,True,-171.7614288330078,-13.854294776916504,-171.75521850585938,-13.848129272460938,18416a29-a234-493b-887a-1a6ffe59b686
0c07e70d-ef12-4ffd-8f84-e1d7d96c5bea,WS,WS-FA,locality,,land,Salimu,,True,True,-172.2291259765625,-13.652166366577148,-172.18841552734375,-13.6417236328125,5cb16923-ee7a-4194-8786-02625358a2dd
406c4694-99d4-4a38-a737-4c25906f8b67,WS,WS-AT,locality,,land,Saleapaga,,True,True,-171.5147247314453,-14.042742729187012,-171.4918975830078,-14.01069450378418,3fb64c83-f4e4-4ac8-b4e9-0195442bc4c0
2d5a8ef6-8fef-4b38-b958-e7f6c54cf7b7,WS,WS-PA,locality,,land,Vailoa,,True,True,-172.325439453125,-13.760268211364746,-172.303466796875,-13.662546157836914,03c797bd-d79b-4d75-a6f8-f3e351688a3e
9ab611ae-6f6c-4cff-bd7f-5fac2ead588b,WS,WS-FA,locality,,land,Tapueleele,,True,True,-172.24359130859375,-13.652220726013184,-172.22581481933594,-13.63751220703125,8795cae6-6993-45d8-9fdb-b4dbe404079a
0e468d42-03fa-4a37-841c-46e069d6958f,WS,WS-GE,locality,,land,Vaipouli,,True,True,-172.39236450195312,-13.530229568481445,-172.3571319580078,-13.460493087768555,4f7c4e16-2d1b-4fa9-a7ef-19c6e4818e47
15ead771-ef7d-4698-8328-3a0dd781b8aa,WS,WS-VF,region,1,land,Vaʻa-o-Fonoti,,True,True,-171.60545349121094,-13.980531692504883,-171.50762939453125,-13.873431205749512,757d62b7-ada2-41c8-9783-5b2cb4041bb0
ebc8cf5a-1761-4a2f-aa03-4801f71fb96e,WS,WS-GI,locality,,land,Fatuvalu,,True,True,-172.44590759277344,-13.616086959838867,-172.43063354492188,-13.468169212341309,89ef4229-3cb0-4af5-8a2a-e40802d7950e
1a4b3d95-ce4c-4d0b-8c79-8ecba936fecf,WS,WS-TU,locality,,land,Tuloto,,True,True,-171.77008056640625,-13.838836669921875,-171.76806640625,-13.833560943603516,d49f8f0a-453c-4078-b97e-09f60bfcf773
d7283f86-f7c6-46cb-b49a-39a0aec61277,WS,WS-FA,locality,,land,Fusi,,True,True,-172.26332092285156,-13.682112693786621,-172.18211364746094,-13.659971237182617,f3a3b5a7-e656-4bb8-9211-913388d0570c
b475f831-2036-47be-8649-c65a62a7835e,WS,WS-GE,locality,,land,Patamea,,True,True,-172.3817596435547,-13.637471199035645,-172.28382873535156,-13.509995460510254,c9f3a769-b525-4a95-a67a-014225a6c1a5
b8e29f40-bf28-4222-a6b1-d6f67c1a32ec,WS,WS-TU,locality,,land,Sataoa Tai,,True,True,-171.86947631835938,-13.990740776062012,-171.8556365966797,-13.979461669921875,71b3ed7b-2765-4db9-9b40-a6c0e148a9ff
c17fed88-d446-41c2-af9c-c12d78697b0d,WS,WS-TU,locality,,land,Saina,,True,True,-171.81170654296875,-13.822540283203125,-171.8055419921875,-13.81601333618164,dec4d8c8-8323-4aef-a7eb-cf32f7fd8838
0ce1d40d-535e-4efa-9b4e-b6a4cfb81535,WS,WS-VS,locality,,land,Tufutafoe,,True,True,-172.804443359375,-13.561354637145996,-172.74522399902344,-13.51511287689209,e8203a8c-2b2a-4325-9143-2cc7fe26f7b7
15e72b6d-c577-4d82-89ff-b6486ed706a3,WS,WS-TU,locality,,land,Sogi,,True,True,-171.7781524658203,-13.83181381225586,-171.77122497558594,-13.821394920349121,d6117a86-f6e0-40a1-9e27-d91ff24ffad8
529a327e-ce43-4dcf-861e-79482085dee5,WS,WS-TU,locality,,land,Levi,,True,True,-171.88348388671875,-13.847670555114746,-171.8671417236328,-13.796586990356445,4adce313-88ed-4e67-b5c2-5cf67b7676b4
a7531a76-cf7a-409b-b67f-536088ce20b0,WS,WS-TU,locality,,land,Afiamalu Sasa'e,,True,True,-171.8054962158203,-13.931632041931152,-171.7758331298828,-13.905784606933594,613dfd9a-d967-4f1b-9f47-e528f9b602ea
d2f63384-b08a-4ef4-b305-33e114caeb18,WS,WS-VS,locality,,land,Neiafu Tai,,True,True,-172.76632690429688,-13.572330474853516,-172.74647521972656,-13.552431106567383,fba1c7dc-b2cc-4b13-80d0-fe14e0366fa0
577e974e-d7d5-4adb-baac-644e2cc9fe55,WS,WS-GE,locality,,land,Fagamalo,,True,True,-172.3582763671875,-13.462663650512695,-172.34918212890625,-13.43869400024414,2243a2e2-c506-4df0-b6b4-a1f3f915d147
47687c8f-8f18-4338-a7d2-2c1a32f91216,WS,WS-VS,locality,,land,Vaotupua,,True,True,-172.80418395996094,-13.519103050231934,-172.7758331298828,-13.491973876953125,4aacdaa0-5940-43c4-8395-43050cc104d2
14cd9922-48a5-4802-88da-2d4b40dc979f,WS,WS-TU,locality,,land,Nono'a Village,,True,True,-171.908447265625,-13.85246753692627,-171.89218139648438,-13.801129341125488,1d2eec7e-dcf1-4053-bc77-414f4b3276eb
6b31b6ff-d7c8-4de1-a17c-0b6862f6f754,WS,WS-VS,locality,,land,Sātaua,,True,True,-172.71958923339844,-13.560080528259277,-172.68917846679688,-13.514172554016113,2322cc5a-eff0-41b0-ad3e-2c1e654b779a
7372516e-0268-4e73-9e84-f85ea354b3c0,WS,WS-TU,locality,,land,Tuaefu,,True,True,-171.8218536376953,-13.902091979980469,-171.79954528808594,-13.85317325592041,408aae80-2c73-4942-b70f-2b069dc97eef
100f911a-bb70-47e0-ae94-970536633442,WS,WS-GI,locality,,land,Manase,,True,True,-172.38771057128906,-13.475137710571289,-172.37289428710938,-13.44556713104248,37e4ae15-040a-4764-ad7c-ebdf87f212a4
de6cfba3-6e7e-4e2f-9e8c-624db844360f,WS,WS-TU,locality,,land,Ululoloa,,True,True,-171.80966186523438,-13.854330062866211,-171.8004913330078,-13.849350929260254,3fd2b7e3-b4aa-46e8-b055-77805d1d74e3
20c13971-357a-46a2-9e17-1e085f2cc477,WS,WS-FA,locality,,land,Satalafai,,True,True,-172.22320556640625,-13.733790397644043,-172.2142791748047,-13.7188138961792,118fa469-e2f1-40ac-8607-f946d204bf7a
a74b4ab0-b29b-4151-8624-49894b5af16d,WS,WS-TU,locality,,land,Tuana'imato Sasa'e,,True,True,-171.80050659179688,-13.856426239013672,-171.7932586669922,-13.846529006958008,a996806f-c990-4c4d-95af-99f850266572
a330803b-b904-47e8-a224-008318bc550c,WS,WS-GI,locality,,land,Safotu,,True,True,-172.41368103027344,-13.470710754394531,-172.38760375976562,-13.44556713104248,a79c5c9e-51f8-48db-b3c3-2f5eaf5a0b95
91fd4412-80ed-441c-9624-e13da5b7a12e,WS,WS-TU,neighborhood,,land,Ululoloa Heights,,True,True,-171.8119659423828,-13.859374046325684,-171.80970764160156,-13.856937408447266,b6d7bb80-0fd3-40b0-97f9-abc12339b4bd
5e0f0ec1-71f9-4591-80da-19d3cf914a0a,WS,WS-FA,locality,,land,Malae,,True,True,-172.22900390625,-13.655448913574219,-172.18785095214844,-13.643706321716309,da626977-98c2-4146-98f6-1d630fea04e6
f125a6be-263a-488c-af89-83dd9b827bcc,WS,WS-TU,locality,,land,Afega,,True,True,-171.86668395996094,-13.860383033752441,-171.84878540039062,-13.795065879821777,cbf431ec-cadd-473b-8c88-5b9543c7b2d6
056f7c53-6b6c-4e95-9323-d2cbabc8eb44,WS,WS-FA,locality,,land,Vaifou,,True,True,-172.2477569580078,-13.716571807861328,-172.202880859375,-13.70786190032959,264319c6-b15e-4ed8-af3a-c34df63094ab
